Model,Accuracy,Precision,Recall,F1-Score,AUC-ROC
Random Forest,0.9881889763779528,0.9885120129214617,0.9881889763779528,0.9881269281719722,0.9997954514287061
Decision Tree,0.9803149606299213,0.9806989802504195,0.9803149606299213,0.980223777623206,0.9943151128222503
Logistic Regression,0.8937007874015748,0.8930040760946698,0.8937007874015748,0.8930111509648735,0.9748531043755491
K-Nearest Neighbors,0.8818897637795275,0.8856539416947882,0.8818897637795275,0.8831092992453803,0.9770277097855898
